編號,A21-環北,A20-興南,A19-桃園體育園區,A18-高鐵桃園站,A17-領航,A16-橫山,A15-大園,A14a-機場旅館,A13-機場第二航廈,A12-機場第一航廈,A11-坑口,A10-山鼻,A9-林口,A8-長庚醫院,A7-體育大學,A6-泰山貴和,A5-泰山,A4-新莊副都心,A3-新北產業園區,A2-三重,A1-台北車站
001-NC,xxxxx,xxxxx,xxxxx,xxxxx,xxxxx,xxxxx,xxxxx,xxxxx,xxxxx,xxxxx,xxxxx,xxxxx,xxxxx,xxxxx,xxxxx,xxxxx,05:58,06:00,06:03,06:08,06:14
002-NE,xxxxx,xxxxx,xxxxx,xxxxx,xxxxx,xxxxx,xxxxx,xxxxx,xxxxx,xxxxx,xxxxx,xxxxx,xxxxx,05:58,--:--,--:--,--:--,--:--,06:11,--:--,06:20
003-NC,xxxxx,xxxxx,xxxxx,xxxxx,xxxxx,xxxxx,xxxxx,xxxxx,xxxxx,xxxxx,xxxxx,xxxxx,xxxxx,05:59,06:03,06:10,06:13,06:15,06:18,06:23,06:29
004-NE,xxxxx,xxxxx,xxxxx,xxxxx,xxxxx,xxxxx,xxxxx,xxxxx,05:57,05:59,--:--,--:--,--:--,06:12,--:--,--:--,--:--,--:--,06:26,--:--,06:35
005-NC,xxxxx,xxxxx,xxxxx,xxxxx,xxxxx,xxxxx,xxxxx,xxxxx,xxxxx,xxxxx,xxxxx,05:59,06:07,06:14,06:18,06:25,06:28,06:30,06:33,06:38,06:44
006-NC,xxxxx,xxxxx,xxxxx,xxxxx,xxxxx,xxxxx,xxxxx,06:00,06:04,06:07,06:11,06:13,06:21,06:28,06:32,06:39,06:42,06:44,06:47,06:52,06:58
007-NE,xxxxx,xxxxx,xxxxx,xxxxx,xxxxx,xxxxx,xxxxx,xxxxx,06:10,06:13,--:--,--:--,--:--,06:26,--:--,--:--,--:--,--:--,06:41,--:--,06:50
008-NC,xxxxx,xxxxx,xxxxx,06:02,06:06,06:09,06:12,06:15,06:19,06:22,06:26,06:28,06:36,06:43,06:47,06:54,06:57,06:59,07:02,07:07,07:13
009-NE,xxxxx,xxxxx,xxxxx,xxxxx,xxxxx,xxxxx,xxxxx,xxxxx,06:25,06:28,--:--,--:--,--:--,06:41,--:--,--:--,--:--,--:--,06:56,--:--,07:05
010-NC,06:05,06:08,06:13,06:17,06:21,06:24,06:27,06:30,06:34,06:37,06:41,06:43,06:51,06:58,07:02,07:09,07:12,07:14,07:17,07:22,07:28
011-NE,xxxxx,xxxxx,xxxxx,xxxxx,xxxxx,xxxxx,xxxxx,xxxxx,06:40,06:43,--:--,--:--,--:--,06:56,--:--,--:--,--:--,--:--,07:11,--:--,07:20
012-NC,06:20,06:23,06:28,06:32,06:36,06:39,06:42,06:45,06:49,06:52,06:56,06:58,07:06,07:13,07:17,07:24,07:27,07:29,07:32,07:37,07:43
013-NE,xxxxx,xxxxx,xxxxx,xxxxx,xxxxx,xxxxx,xxxxx,xxxxx,06:55,06:58,--:--,--:--,--:--,07:11,--:--,--:--,--:--,--:--,07:26,--:--,07:35
014-NC,06:35,06:38,06:43,06:47,06:51,06:54,06:57,07:00,07:04,07:07,07:11,07:13,07:21,07:28,07:32,07:39,07:42,07:44,07:47,07:52,07:58
015-NE,xxxxx,xxxxx,xxxxx,xxxxx,xxxxx,xxxxx,xxxxx,xxxxx,07:10,07:13,--:--,--:--,--:--,07:26,--:--,--:--,--:--,--:--,07:41,--:--,07:50
016-NC,06:50,06:53,06:58,07:02,07:06,07:09,07:12,07:15,07:19,07:22,07:26,07:28,07:36,07:43,07:47,07:54,07:57,07:59,08:02,08:07,08:13
017-NE,xxxxx,xxxxx,xxxxx,xxxxx,xxxxx,xxxxx,xxxxx,xxxxx,07:25,07:28,--:--,--:--,--:--,07:41,--:--,--:--,--:--,--:--,07:56,--:--,08:05
018-NC,07:05,07:08,07:13,07:17,07:21,07:24,07:27,07:30,07:34,07:37,07:41,07:43,07:51,07:58,08:02,08:09,08:12,08:14,08:17,08:22,08:28
019-NE,xxxxx,xxxxx,xxxxx,xxxxx,xxxxx,xxxxx,xxxxx,xxxxx,07:40,07:43,--:--,--:--,--:--,07:56,--:--,--:--,--:--,--:--,08:11,--:--,08:20
020-NC,07:20,07:23,07:28,07:32,07:36,07:39,07:42,07:45,07:49,07:52,07:56,07:58,08:06,08:13,08:17,08:24,08:27,08:29,08:32,08:37,08:43
021-NE,xxxxx,xxxxx,xxxxx,xxxxx,xxxxx,xxxxx,xxxxx,xxxxx,07:55,07:58,--:--,--:--,--:--,08:11,--:--,--:--,--:--,--:--,08:26,--:--,08:35
022-NC,07:35,07:38,07:43,07:47,07:51,07:54,07:57,08:00,08:04,08:07,08:11,08:13,08:21,08:28,08:32,08:39,08:42,08:44,08:47,08:52,08:58
023-NE,xxxxx,xxxxx,xxxxx,xxxxx,xxxxx,xxxxx,xxxxx,xxxxx,08:10,08:13,--:--,--:--,--:--,08:26,--:--,--:--,--:--,--:--,08:41,--:--,08:50
024-NC,07:50,07:53,07:58,08:02,08:06,08:09,08:12,08:15,08:19,08:22,08:26,08:28,08:36,08:43,08:47,08:54,08:57,08:59,09:02,09:07,09:13
025-NE,xxxxx,xxxxx,xxxxx,xxxxx,xxxxx,xxxxx,xxxxx,xxxxx,08:25,08:28,--:--,--:--,--:--,08:41,--:--,--:--,--:--,--:--,08:56,--:--,09:05
026-NC,08:05,08:08,08:13,08:17,08:21,08:24,08:27,08:30,08:34,08:37,08:41,08:43,08:51,08:58,09:02,09:09,09:12,09:14,09:17,09:22,09:28
027-NE,xxxxx,xxxxx,xxxxx,xxxxx,xxxxx,xxxxx,xxxxx,xxxxx,08:40,08:43,--:--,--:--,--:--,08:56,--:--,--:--,--:--,--:--,09:11,--:--,09:20
028-NC,08:20,08:23,08:28,08:32,08:36,08:39,08:42,08:45,08:49,08:52,08:56,08:58,09:06,09:13,09:17,09:24,09:27,09:29,09:32,09:37,09:43
029-NE,xxxxx,xxxxx,xxxxx,xxxxx,xxxxx,xxxxx,xxxxx,xxxxx,08:55,08:58,--:--,--:--,--:--,09:11,--:--,--:--,--:--,--:--,09:26,--:--,09:35
030-NC,08:35,08:38,08:43,08:47,08:51,08:54,08:57,09:00,09:04,09:07,09:11,09:13,09:21,09:28,09:32,09:39,09:42,09:44,09:47,09:52,09:58
031-NE,xxxxx,xxxxx,xxxxx,xxxxx,xxxxx,xxxxx,xxxxx,xxxxx,09:10,09:13,--:--,--:--,--:--,09:26,--:--,--:--,--:--,--:--,09:41,--:--,09:50
032-NC,08:50,08:53,08:58,09:02,09:06,09:09,09:12,09:15,09:19,09:22,09:26,09:28,09:36,09:43,09:47,09:54,09:57,09:59,10:02,10:07,10:13
033-NE,xxxxx,xxxxx,xxxxx,xxxxx,xxxxx,xxxxx,xxxxx,xxxxx,09:25,09:28,--:--,--:--,--:--,09:41,--:--,--:--,--:--,--:--,09:56,--:--,10:05
034-NC,09:05,09:08,09:13,09:17,09:21,09:24,09:27,09:30,09:34,09:37,09:41,09:43,09:51,09:58,10:02,10:09,10:12,10:14,10:17,10:22,10:28
035-NE,xxxxx,xxxxx,xxxxx,xxxxx,xxxxx,xxxxx,xxxxx,xxxxx,09:40,09:43,--:--,--:--,--:--,09:56,--:--,--:--,--:--,--:--,10:11,--:--,10:20
036-NC,09:20,09:23,09:28,09:32,09:36,09:39,09:42,09:45,09:49,09:52,09:56,09:58,10:06,10:13,10:17,10:24,10:27,10:29,10:32,10:37,10:43
037-NE,xxxxx,xxxxx,xxxxx,xxxxx,xxxxx,xxxxx,xxxxx,xxxxx,09:55,09:58,--:--,--:--,--:--,10:11,--:--,--:--,--:--,--:--,10:26,--:--,10:35
038-NC,09:35,09:38,09:43,09:47,09:51,09:54,09:57,10:00,10:04,10:07,10:11,10:13,10:21,10:28,10:32,10:39,10:42,10:44,10:47,10:52,10:58
039-NE,xxxxx,xxxxx,xxxxx,xxxxx,xxxxx,xxxxx,xxxxx,xxxxx,10:10,10:13,--:--,--:--,--:--,10:26,--:--,--:--,--:--,--:--,10:41,--:--,10:50
040-NC,09:50,09:53,09:58,10:02,10:06,10:09,10:12,10:15,10:19,10:22,10:26,10:28,10:36,10:43,10:47,10:54,10:57,10:59,11:02,11:07,11:13
041-NE,xxxxx,xxxxx,xxxxx,xxxxx,xxxxx,xxxxx,xxxxx,xxxxx,10:25,10:28,--:--,--:--,--:--,10:41,--:--,--:--,--:--,--:--,10:56,--:--,11:05
042-NC,10:05,10:08,10:13,10:17,10:21,10:24,10:27,10:30,10:34,10:37,10:41,10:43,10:51,10:58,11:02,11:09,11:12,11:14,11:17,11:22,11:28
043-NE,xxxxx,xxxxx,xxxxx,xxxxx,xxxxx,xxxxx,xxxxx,xxxxx,10:40,10:43,--:--,--:--,--:--,10:56,--:--,--:--,--:--,--:--,11:11,--:--,11:20
044-NC,10:20,10:23,10:28,10:32,10:36,10:39,10:42,10:45,10:49,10:52,10:56,10:58,11:06,11:13,11:17,11:24,11:27,11:29,11:32,11:37,11:43
045-NE,xxxxx,xxxxx,xxxxx,xxxxx,xxxxx,xxxxx,xxxxx,xxxxx,10:55,10:58,--:--,--:--,--:--,11:11,--:--,--:--,--:--,--:--,11:26,--:--,11:35
046-NC,10:35,10:38,10:43,10:47,10:51,10:54,10:57,11:00,11:04,11:07,11:11,11:13,11:21,11:28,11:32,11:39,11:42,11:44,11:47,11:52,11:58
047-NE,xxxxx,xxxxx,xxxxx,xxxxx,xxxxx,xxxxx,xxxxx,xxxxx,11:10,11:13,--:--,--:--,--:--,11:26,--:--,--:--,--:--,--:--,11:41,--:--,11:50
048-NC,10:50,10:53,10:58,11:02,11:06,11:09,11:12,11:15,11:19,11:22,11:26,11:28,11:36,11:43,11:47,11:54,11:57,11:59,12:02,12:07,12:13
049-NE,xxxxx,xxxxx,xxxxx,xxxxx,xxxxx,xxxxx,xxxxx,xxxxx,11:25,11:28,--:--,--:--,--:--,11:41,--:--,--:--,--:--,--:--,11:56,--:--,12:05
050-NC,11:05,11:08,11:13,11:17,11:21,11:24,11:27,11:30,11:34,11:37,11:41,11:43,11:51,11:58,12:02,12:09,12:12,12:14,12:17,12:22,12:28
051-NE,xxxxx,xxxxx,xxxxx,xxxxx,xxxxx,xxxxx,xxxxx,xxxxx,11:40,11:43,--:--,--:--,--:--,11:56,--:--,--:--,--:--,--:--,12:11,--:--,12:20
052-NC,11:20,11:23,11:28,11:32,11:36,11:39,11:42,11:45,11:49,11:52,11:56,11:58,12:06,12:13,12:17,12:24,12:27,12:29,12:32,12:37,12:43
053-NE,xxxxx,xxxxx,xxxxx,xxxxx,xxxxx,xxxxx,xxxxx,xxxxx,11:55,11:58,--:--,--:--,--:--,12:11,--:--,--:--,--:--,--:--,12:26,--:--,12:35
054-NC,11:35,11:38,11:43,11:47,11:51,11:54,11:57,12:00,12:04,12:07,12:11,12:13,12:21,12:28,12:32,12:39,12:42,12:44,12:47,12:52,12:58
055-NE,xxxxx,xxxxx,xxxxx,xxxxx,xxxxx,xxxxx,xxxxx,xxxxx,12:10,12:13,--:--,--:--,--:--,12:26,--:--,--:--,--:--,--:--,12:41,--:--,12:50
056-NC,11:50,11:53,11:58,12:02,12:06,12:09,12:12,12:15,12:19,12:22,12:26,12:28,12:36,12:43,12:47,12:54,12:57,12:59,13:02,13:07,13:13
057-NE,xxxxx,xxxxx,xxxxx,xxxxx,xxxxx,xxxxx,xxxxx,xxxxx,12:25,12:28,--:--,--:--,--:--,12:41,--:--,--:--,--:--,--:--,12:56,--:--,13:05
058-NC,12:05,12:08,12:13,12:17,12:21,12:24,12:27,12:30,12:34,12:37,12:41,12:43,12:51,12:58,13:02,13:09,13:12,13:14,13:17,13:22,13:28
059-NE,xxxxx,xxxxx,xxxxx,xxxxx,xxxxx,xxxxx,xxxxx,xxxxx,12:40,12:43,--:--,--:--,--:--,12:56,--:--,--:--,--:--,--:--,13:11,--:--,13:20
060-NC,12:20,12:23,12:28,12:32,12:36,12:39,12:42,12:45,12:49,12:52,12:56,12:58,13:06,13:13,13:17,13:24,13:27,13:29,13:32,13:37,13:43
061-NE,xxxxx,xxxxx,xxxxx,xxxxx,xxxxx,xxxxx,xxxxx,xxxxx,12:55,12:58,--:--,--:--,--:--,13:11,--:--,--:--,--:--,--:--,13:26,--:--,13:35
062-NC,12:35,12:38,12:43,12:47,12:51,12:54,12:57,13:00,13:04,13:07,13:11,13:13,13:21,13:28,13:32,13:39,13:42,13:44,13:47,13:52,13:58
063-NE,xxxxx,xxxxx,xxxxx,xxxxx,xxxxx,xxxxx,xxxxx,xxxxx,13:10,13:13,--:--,--:--,--:--,13:26,--:--,--:--,--:--,--:--,13:41,--:--,13:50
064-NC,12:50,12:53,12:58,13:02,13:06,13:09,13:12,13:15,13:19,13:22,13:26,13:28,13:36,13:43,13:47,13:54,13:57,13:59,14:02,14:07,14:13
065-NE,xxxxx,xxxxx,xxxxx,xxxxx,xxxxx,xxxxx,xxxxx,xxxxx,13:25,13:28,--:--,--:--,--:--,13:41,--:--,--:--,--:--,--:--,13:56,--:--,14:05
066-NC,13:05,13:08,13:13,13:17,13:21,13:24,13:27,13:30,13:34,13:37,13:41,13:43,13:51,13:58,14:02,14:09,14:12,14:14,14:17,14:22,14:28
067-NE,xxxxx,xxxxx,xxxxx,xxxxx,xxxxx,xxxxx,xxxxx,xxxxx,13:40,13:43,--:--,--:--,--:--,13:56,--:--,--:--,--:--,--:--,14:11,--:--,14:20
068-NC,13:20,13:23,13:28,13:32,13:36,13:39,13:42,13:45,13:49,13:52,13:56,13:58,14:06,14:13,14:17,14:24,14:27,14:29,14:32,14:37,14:43
069-NE,xxxxx,xxxxx,xxxxx,xxxxx,xxxxx,xxxxx,xxxxx,xxxxx,13:55,13:58,--:--,--:--,--:--,14:11,--:--,--:--,--:--,--:--,14:26,--:--,14:35
070-NC,13:35,13:38,13:43,13:47,13:51,13:54,13:57,14:00,14:04,14:07,14:11,14:13,14:21,14:28,14:32,14:39,14:42,14:44,14:47,14:52,14:58
071-NE,xxxxx,xxxxx,xxxxx,xxxxx,xxxxx,xxxxx,xxxxx,xxxxx,14:10,14:13,--:--,--:--,--:--,14:26,--:--,--:--,--:--,--:--,14:41,--:--,14:50
072-NC,13:50,13:53,13:58,14:02,14:06,14:09,14:12,14:15,14:19,14:22,14:26,14:28,14:36,14:43,14:47,14:54,14:57,14:59,15:02,15:07,15:13
073-NE,xxxxx,xxxxx,xxxxx,xxxxx,xxxxx,xxxxx,xxxxx,xxxxx,14:25,14:28,--:--,--:--,--:--,14:41,--:--,--:--,--:--,--:--,14:56,--:--,15:05
074-NC,14:05,14:08,14:13,14:17,14:21,14:24,14:27,14:30,14:34,14:37,14:41,14:43,14:51,14:58,15:02,15:09,15:12,15:14,15:17,15:22,15:28
075-NE,xxxxx,xxxxx,xxxxx,xxxxx,xxxxx,xxxxx,xxxxx,xxxxx,14:40,14:43,--:--,--:--,--:--,14:56,--:--,--:--,--:--,--:--,15:11,--:--,15:20
076-NC,14:20,14:23,14:28,14:32,14:36,14:39,14:42,14:45,14:49,14:52,14:56,14:58,15:06,15:13,15:17,15:24,15:27,15:29,15:32,15:37,15:43
077-NE,xxxxx,xxxxx,xxxxx,xxxxx,xxxxx,xxxxx,xxxxx,xxxxx,14:55,14:58,--:--,--:--,--:--,15:11,--:--,--:--,--:--,--:--,15:26,--:--,15:35
078-NC,14:35,14:38,14:43,14:47,14:51,14:54,14:57,15:00,15:04,15:07,15:11,15:13,15:21,15:28,15:32,15:39,15:42,15:44,15:47,15:52,15:58
079-NE,xxxxx,xxxxx,xxxxx,xxxxx,xxxxx,xxxxx,xxxxx,xxxxx,15:10,15:13,--:--,--:--,--:--,15:26,--:--,--:--,--:--,--:--,15:41,--:--,15:50
080-NC,14:50,14:53,14:58,15:02,15:06,15:09,15:12,15:15,15:19,15:22,15:26,15:28,15:36,15:43,15:47,15:54,15:57,15:59,16:02,16:07,16:13
081-NE,xxxxx,xxxxx,xxxxx,xxxxx,xxxxx,xxxxx,xxxxx,xxxxx,15:25,15:28,--:--,--:--,--:--,15:41,--:--,--:--,--:--,--:--,15:56,--:--,16:05
082-NC,15:05,15:08,15:13,15:17,15:21,15:24,15:27,15:30,15:34,15:37,15:41,15:43,15:51,15:58,16:02,16:09,16:12,16:14,16:17,16:22,16:28
083-NE,xxxxx,xxxxx,xxxxx,xxxxx,xxxxx,xxxxx,xxxxx,xxxxx,15:40,15:43,--:--,--:--,--:--,15:56,--:--,--:--,--:--,--:--,16:11,--:--,16:20
084-NC,15:20,15:23,15:28,15:32,15:36,15:39,15:42,15:45,15:49,15:52,15:56,15:58,16:06,16:13,16:17,16:24,16:27,16:29,16:32,16:37,16:43
085-NE,xxxxx,xxxxx,xxxxx,xxxxx,xxxxx,xxxxx,xxxxx,xxxxx,15:55,15:58,--:--,--:--,--:--,16:11,--:--,--:--,--:--,--:--,16:26,--:--,16:35
086-NC,15:35,15:38,15:43,15:47,15:51,15:54,15:57,16:00,16:04,16:07,16:11,16:13,16:21,16:28,16:32,16:39,16:42,16:44,16:47,16:52,16:58
087-NE,xxxxx,xxxxx,xxxxx,xxxxx,xxxxx,xxxxx,xxxxx,xxxxx,16:10,16:13,--:--,--:--,--:--,16:26,--:--,--:--,--:--,--:--,16:41,--:--,16:50
088-NC,15:50,15:53,15:58,16:02,16:06,16:09,16:12,16:15,16:19,16:22,16:26,16:28,16:36,16:43,16:47,16:54,16:57,16:59,17:02,17:07,17:13
089-NE,xxxxx,xxxxx,xxxxx,xxxxx,xxxxx,xxxxx,xxxxx,xxxxx,16:25,16:28,--:--,--:--,--:--,16:41,--:--,--:--,--:--,--:--,16:56,--:--,17:05
090-NC,16:05,16:08,16:13,16:17,16:21,16:24,16:27,16:30,16:34,16:37,16:41,16:43,16:51,16:58,17:02,17:09,17:12,17:14,17:17,17:22,17:28
091-NE,xxxxx,xxxxx,xxxxx,xxxxx,xxxxx,xxxxx,xxxxx,xxxxx,16:40,16:43,--:--,--:--,--:--,16:56,--:--,--:--,--:--,--:--,17:11,--:--,17:20
092-NC,16:20,16:23,16:28,16:32,16:36,16:39,16:42,16:45,16:49,16:52,16:56,16:58,17:06,17:13,17:17,17:24,17:27,17:29,17:32,17:37,17:43
093-NE,xxxxx,xxxxx,xxxxx,xxxxx,xxxxx,xxxxx,xxxxx,xxxxx,16:55,16:58,--:--,--:--,--:--,17:11,--:--,--:--,--:--,--:--,17:26,--:--,17:35
094-NC,16:35,16:38,16:43,16:47,16:51,16:54,16:57,17:00,17:04,17:07,17:11,17:13,17:21,17:28,17:32,17:39,17:42,17:44,17:47,17:52,17:58
095-NE,xxxxx,xxxxx,xxxxx,xxxxx,xxxxx,xxxxx,xxxxx,xxxxx,17:10,17:13,--:--,--:--,--:--,17:26,--:--,--:--,--:--,--:--,17:41,--:--,17:50
096-NC,16:50,16:53,16:58,17:02,17:06,17:09,17:12,17:15,17:19,17:22,17:26,17:28,17:36,17:43,17:47,17:54,17:57,17:59,18:02,18:07,18:13
097-NE,xxxxx,xxxxx,xxxxx,xxxxx,xxxxx,xxxxx,xxxxx,xxxxx,17:25,17:28,--:--,--:--,--:--,17:41,--:--,--:--,--:--,--:--,17:56,--:--,18:05
098-NC,17:05,17:08,17:13,17:17,17:21,17:24,17:27,17:30,17:34,17:37,17:41,17:43,17:51,17:58,18:02,18:09,18:12,18:14,18:17,18:22,18:28
099-NE,xxxxx,xxxxx,xxxxx,xxxxx,xxxxx,xxxxx,xxxxx,xxxxx,17:40,17:43,--:--,--:--,--:--,17:56,--:--,--:--,--:--,--:--,18:11,--:--,18:20
100-NC,17:20,17:23,17:28,17:32,17:36,17:39,17:42,17:45,17:49,17:52,17:56,17:58,18:06,18:13,18:17,18:24,18:27,18:29,18:32,18:37,18:43
101-NE,xxxxx,xxxxx,xxxxx,xxxxx,xxxxx,xxxxx,xxxxx,xxxxx,17:55,17:58,--:--,--:--,--:--,18:11,--:--,--:--,--:--,--:--,18:26,--:--,18:35
102-NC,17:35,17:38,17:43,17:47,17:51,17:54,17:57,18:00,18:04,18:07,18:11,18:13,18:21,18:28,18:32,18:39,18:42,18:44,18:47,18:52,18:58
103-NE,xxxxx,xxxxx,xxxxx,xxxxx,xxxxx,xxxxx,xxxxx,xxxxx,18:10,18:13,--:--,--:--,--:--,18:26,--:--,--:--,--:--,--:--,18:41,--:--,18:50
104-NC,17:50,17:53,17:58,18:02,18:06,18:09,18:12,18:15,18:19,18:22,18:26,18:28,18:36,18:43,18:47,18:54,18:57,18:59,19:02,19:07,19:13
105-NE,xxxxx,xxxxx,xxxxx,xxxxx,xxxxx,xxxxx,xxxxx,xxxxx,18:25,18:28,--:--,--:--,--:--,18:41,--:--,--:--,--:--,--:--,18:56,--:--,19:05
106-NC,18:05,18:08,18:13,18:17,18:21,18:24,18:27,18:30,18:34,18:37,18:41,18:43,18:51,18:58,19:02,19:09,19:12,19:14,19:17,19:22,19:28
107-NE,xxxxx,xxxxx,xxxxx,xxxxx,xxxxx,xxxxx,xxxxx,xxxxx,18:40,18:43,--:--,--:--,--:--,18:56,--:--,--:--,--:--,--:--,19:11,--:--,19:20
108-NC,18:20,18:23,18:28,18:32,18:36,18:39,18:42,18:45,18:49,18:52,18:56,18:58,19:06,19:13,19:17,19:24,19:27,19:29,19:32,19:37,19:43
109-NE,xxxxx,xxxxx,xxxxx,xxxxx,xxxxx,xxxxx,xxxxx,xxxxx,18:55,18:58,--:--,--:--,--:--,19:11,--:--,--:--,--:--,--:--,19:26,--:--,19:35
110-NC,18:35,18:38,18:43,18:47,18:51,18:54,18:57,19:00,19:04,19:07,19:11,19:13,19:21,19:28,19:32,19:39,19:42,19:44,19:47,19:52,19:58
111-NE,xxxxx,xxxxx,xxxxx,xxxxx,xxxxx,xxxxx,xxxxx,xxxxx,19:10,19:13,--:--,--:--,--:--,19:26,--:--,--:--,--:--,--:--,19:41,--:--,19:50
112-NC,18:50,18:53,18:58,19:02,19:06,19:09,19:12,19:15,19:19,19:22,19:26,19:28,19:36,19:43,19:47,19:54,19:57,19:59,20:02,20:07,20:13
113-NE,xxxxx,xxxxx,xxxxx,xxxxx,xxxxx,xxxxx,xxxxx,xxxxx,19:25,19:28,--:--,--:--,--:--,19:41,--:--,--:--,--:--,--:--,19:56,--:--,20:05
114-NC,19:05,19:08,19:13,19:17,19:21,19:24,19:27,19:30,19:34,19:37,19:41,19:43,19:51,19:58,20:02,20:09,20:12,20:14,20:17,20:22,20:28
115-NE,xxxxx,xxxxx,xxxxx,xxxxx,xxxxx,xxxxx,xxxxx,xxxxx,19:40,19:43,--:--,--:--,--:--,19:56,--:--,--:--,--:--,--:--,20:11,--:--,20:20
116-NC,19:20,19:23,19:28,19:32,19:36,19:39,19:42,19:45,19:49,19:52,19:56,19:58,20:06,20:13,20:17,20:24,20:27,20:29,20:32,20:37,20:43
117-NE,xxxxx,xxxxx,xxxxx,xxxxx,xxxxx,xxxxx,xxxxx,xxxxx,19:55,19:58,--:--,--:--,--:--,20:11,--:--,--:--,--:--,--:--,20:26,--:--,20:35
118-NC,19:35,19:38,19:43,19:47,19:51,19:54,19:57,20:00,20:04,20:07,20:11,20:13,20:21,20:28,20:32,20:39,20:42,20:44,20:47,20:52,20:58
119-NE,xxxxx,xxxxx,xxxxx,xxxxx,xxxxx,xxxxx,xxxxx,xxxxx,20:10,20:13,--:--,--:--,--:--,20:26,--:--,--:--,--:--,--:--,20:41,--:--,20:50
120-NC,19:50,19:53,19:58,20:02,20:06,20:09,20:12,20:15,20:19,20:22,20:26,20:28,20:36,20:43,20:47,20:54,20:57,20:59,21:02,21:07,21:13
121-NE,xxxxx,xxxxx,xxxxx,xxxxx,xxxxx,xxxxx,xxxxx,xxxxx,20:25,20:28,--:--,--:--,--:--,20:41,--:--,--:--,--:--,--:--,20:56,--:--,21:05
122-NC,20:05,20:08,20:13,20:17,20:21,20:24,20:27,20:30,20:34,20:37,20:41,20:43,20:51,20:58,21:02,21:09,21:12,21:14,21:17,21:22,21:28
123-NE,xxxxx,xxxxx,xxxxx,xxxxx,xxxxx,xxxxx,xxxxx,xxxxx,20:40,20:43,--:--,--:--,--:--,20:56,--:--,--:--,--:--,--:--,21:11,--:--,21:20
124-NC,20:20,20:23,20:28,20:32,20:36,20:39,20:42,20:45,20:49,20:52,20:56,20:58,21:06,21:13,21:17,21:24,21:27,21:29,21:32,21:37,21:43
125-NE,xxxxx,xxxxx,xxxxx,xxxxx,xxxxx,xxxxx,xxxxx,xxxxx,20:55,20:58,--:--,--:--,--:--,21:11,--:--,--:--,--:--,--:--,21:26,--:--,21:35
126-NC,20:35,20:38,20:43,20:47,20:51,20:54,20:57,21:00,21:04,21:07,21:11,21:13,21:21,21:28,21:32,21:39,21:42,21:44,21:47,21:52,21:58
127-NE,xxxxx,xxxxx,xxxxx,xxxxx,xxxxx,xxxxx,xxxxx,xxxxx,21:10,21:13,--:--,--:--,--:--,21:26,--:--,--:--,--:--,--:--,21:41,--:--,21:50
128-NC,20:50,20:53,20:58,21:02,21:06,21:09,21:12,21:15,21:19,21:22,21:26,21:28,21:36,21:43,21:47,21:54,21:57,21:59,22:02,22:07,22:13
129-NE,xxxxx,xxxxx,xxxxx,xxxxx,xxxxx,xxxxx,xxxxx,xxxxx,21:25,21:28,--:--,--:--,--:--,21:41,--:--,--:--,--:--,--:--,21:56,--:--,22:05
130-NC,21:05,21:08,21:13,21:17,21:21,21:24,21:27,21:30,21:34,21:37,21:41,21:43,21:51,21:58,22:02,22:09,22:12,22:14,22:17,22:22,22:28
131-NE,xxxxx,xxxxx,xxxxx,xxxxx,xxxxx,xxxxx,xxxxx,xxxxx,21:40,21:43,--:--,--:--,--:--,21:56,--:--,--:--,--:--,--:--,22:11,--:--,22:20
132-NC,21:20,21:23,21:28,21:32,21:36,21:39,21:42,21:45,21:49,21:52,21:56,21:58,22:06,22:13,22:17,22:24,22:27,22:29,22:32,22:37,22:43
133-NE,xxxxx,xxxxx,xxxxx,xxxxx,xxxxx,xxxxx,xxxxx,xxxxx,21:55,21:58,--:--,--:--,--:--,22:11,--:--,--:--,--:--,--:--,22:26,--:--,22:35
134-NC,21:35,21:38,21:43,21:47,21:51,21:54,21:57,22:00,22:04,22:07,22:11,22:13,22:21,22:28,22:32,22:39,22:42,22:44,22:47,22:52,22:58
135-NE,xxxxx,xxxxx,xxxxx,xxxxx,xxxxx,xxxxx,xxxxx,xxxxx,22:10,22:13,--:--,--:--,--:--,22:26,--:--,--:--,--:--,--:--,22:41,--:--,22:50
136-NC,21:50,21:53,21:58,22:02,22:06,22:09,22:12,22:15,22:19,22:22,22:26,22:28,22:36,22:43,22:47,22:54,22:57,22:59,23:02,23:07,23:13
137-NE,xxxxx,xxxxx,xxxxx,xxxxx,xxxxx,xxxxx,xxxxx,xxxxx,22:25,22:28,--:--,--:--,--:--,22:41,--:--,--:--,--:--,--:--,22:56,--:--,23:05
138-NC,22:05,22:08,22:13,22:17,22:21,22:24,22:27,22:30,22:34,22:37,22:41,22:43,22:51,22:58,23:02,23:09,23:12,23:14,23:17,23:22,23:28
139-NE,xxxxx,xxxxx,xxxxx,xxxxx,xxxxx,xxxxx,xxxxx,xxxxx,22:40,22:43,--:--,--:--,--:--,22:56,--:--,--:--,--:--,--:--,23:11,--:--,23:20
140-NC,22:20,22:23,22:28,22:32,22:36,22:39,22:42,22:45,22:49,22:52,22:56,22:58,23:06,23:13,23:17,23:24,23:27,23:29,23:32,23:37,23:43
141-NE,xxxxx,xxxxx,xxxxx,xxxxx,xxxxx,xxxxx,xxxxx,xxxxx,22:55,22:58,--:--,--:--,--:--,23:11,--:--,--:--,--:--,--:--,23:26,--:--,23:35
142-NC,22:35,22:38,22:43,22:47,22:51,22:54,22:56,22:59,23:03,23:06,23:10,23:12,23:20,23:23,23:27,23:34,23:37,23:39,23:42,23:52,23:58
143-NC,22:50,22:53,22:58,23:01,23:05,23:08,23:11,23:14,23:18,23:21,23:25,23:27,23:35,23:38,23:42,23:49,23:52,23:54,23:57,00:07,00:13
144-NC,23:05,23:08,23:13,23:16,23:20,23:23,23:26,23:29,23:33,23:36,23:40,23:42,23:50,23:53,23:57,00:04,00:07,00:09,00:12,00:22,00:28
