編號,A21-環北-開,A20-興南-到,A20-興南-開,A19-桃園體育園區-到,A19-桃園體育園區-開,A18-高鐵桃園站-到,A18-高鐵桃園站-開,A17-領航-到,A17-領航-開,A16-橫山-到,A16-橫山-開,A15-大園-到,A15-大園-開,A14a-機場旅館-到,A14a-機場旅館-開,A13-機場第二航廈-到,A13-機場第二航廈-開,A12-機場第一航廈-到,A12-機場第一航廈-開,A11-坑口-到,A11-坑口-開,A10-山鼻-到,A10-山鼻-開,A9-林口-到,A9-林口-開,A8-長庚醫院-到,A8-長庚醫院-開,A7-體育大學-到,A7-體育大學-開,A6-泰山貴和-到,A6-泰山貴和-開,A5-泰山-到,A5-泰山-開,A4-新莊副都心-到,A4-新莊副都心-開,A3-新北產業園區-到,A3-新北產業園區-開,A2-三重-到,A2-三重-開,A1-台北車站-到
001-NC,xxxxx,xxxxx,xxxxx,xxxxx,xxxxx,xxxxx,xxxxx,xxxxx,xxxxx,xxxxx,xxxxx,xxxxx,xxxxx,xxxxx,xxxxx,xxxxx,xxxxx,xxxxx,xxxxx,xxxxx,xxxxx,xxxxx,xxxxx,xxxxx,xxxxx,xxxxx,xxxxx,xxxxx,xxxxx,xxxxx,xxxxx,xxxxx,05:58,05:59,06:00,06:02,06:03,06:07,06:08,06:13
002-NE,xxxxx,xxxxx,xxxxx,xxxxx,xxxxx,xxxxx,xxxxx,xxxxx,xxxxx,xxxxx,xxxxx,xxxxx,xxxxx,xxxxx,xxxxx,xxxxx,xxxxx,xxxxx,xxxxx,xxxxx,xxxxx,xxxxx,xxxxx,xxxxx,xxxxx,xxxxx,05:58,--:--,--:--,--:--,--:--,--:--,--:--,--:--,--:--,06:11,06:11,--:--,--:--,06:19
003-NC,xxxxx,xxxxx,xxxxx,xxxxx,xxxxx,xxxxx,xxxxx,xxxxx,xxxxx,xxxxx,xxxxx,xxxxx,xxxxx,xxxxx,xxxxx,xxxxx,xxxxx,xxxxx,xxxxx,xxxxx,xxxxx,xxxxx,xxxxx,xxxxx,xxxxx,xxxxx,05:59,06:03,06:03,06:10,06:10,06:13,06:13,06:15,06:15,06:18,06:18,06:23,06:23,06:28
004-NE,xxxxx,xxxxx,xxxxx,xxxxx,xxxxx,xxxxx,xxxxx,xxxxx,xxxxx,xxxxx,xxxxx,xxxxx,xxxxx,xxxxx,xxxxx,xxxxx,05:57,05:59,05:59,--:--,--:--,--:--,--:--,--:--,--:--,06:12,06:12,--:--,--:--,--:--,--:--,--:--,--:--,--:--,--:--,06:26,06:26,--:--,--:--,06:34
005-NC,xxxxx,xxxxx,xxxxx,xxxxx,xxxxx,xxxxx,xxxxx,xxxxx,xxxxx,xxxxx,xxxxx,xxxxx,xxxxx,xxxxx,xxxxx,xxxxx,xxxxx,xxxxx,xxxxx,xxxxx,xxxxx,xxxxx,05:59,06:07,06:07,06:11,06:14,06:18,06:18,06:24,06:25,06:27,06:28,06:29,06:30,06:32,06:33,06:37,06:38,06:43
006-NC,xxxxx,xxxxx,xxxxx,xxxxx,xxxxx,xxxxx,xxxxx,xxxxx,xxxxx,xxxxx,xxxxx,xxxxx,xxxxx,xxxxx,06:00,06:03,06:04,06:06,06:07,06:10,06:11,06:13,06:13,06:21,06:21,06:25,06:28,06:32,06:32,06:38,06:39,06:41,06:42,06:43,06:44,06:46,06:47,06:51,06:52,06:57
007-NE,xxxxx,xxxxx,xxxxx,xxxxx,xxxxx,xxxxx,xxxxx,xxxxx,xxxxx,xxxxx,xxxxx,xxxxx,xxxxx,xxxxx,xxxxx,xxxxx,06:10,06:13,06:13,--:--,--:--,--:--,--:--,--:--,--:--,06:26,06:26,--:--,--:--,--:--,--:--,--:--,--:--,--:--,--:--,06:41,06:41,--:--,--:--,06:49
008-NC,xxxxx,xxxxx,xxxxx,xxxxx,xxxxx,xxxxx,06:02,06:06,06:06,06:09,06:09,06:12,06:12,06:15,06:15,06:18,06:19,06:21,06:22,06:25,06:26,06:28,06:28,06:36,06:36,06:40,06:43,06:47,06:47,06:53,06:54,06:56,06:57,06:58,06:59,07:01,07:02,07:06,07:07,07:12
009-NE,xxxxx,xxxxx,xxxxx,xxxxx,xxxxx,xxxxx,xxxxx,xxxxx,xxxxx,xxxxx,xxxxx,xxxxx,xxxxx,xxxxx,xxxxx,xxxxx,06:25,06:28,06:28,--:--,--:--,--:--,--:--,--:--,--:--,06:41,06:41,--:--,--:--,--:--,--:--,--:--,--:--,--:--,--:--,06:56,06:56,--:--,--:--,07:04
010-NC,06:05,06:08,06:08,06:13,06:13,06:16,06:17,06:21,06:21,06:24,06:24,06:27,06:27,06:30,06:30,06:33,06:34,06:36,06:37,06:40,06:41,06:43,06:43,06:51,06:51,06:55,06:58,07:02,07:02,07:08,07:09,07:11,07:12,07:13,07:14,07:16,07:17,07:21,07:22,07:27
011-NE,xxxxx,xxxxx,xxxxx,xxxxx,xxxxx,xxxxx,xxxxx,xxxxx,xxxxx,xxxxx,xxxxx,xxxxx,xxxxx,xxxxx,xxxxx,xxxxx,06:40,06:43,06:43,--:--,--:--,--:--,--:--,--:--,--:--,06:56,06:56,--:--,--:--,--:--,--:--,--:--,--:--,--:--,--:--,07:11,07:11,--:--,--:--,07:19
012-NC,06:20,06:23,06:23,06:28,06:28,06:31,06:32,06:36,06:36,06:39,06:39,06:42,06:42,06:45,06:45,06:48,06:49,06:51,06:52,06:55,06:56,06:58,06:58,07:06,07:06,07:10,07:13,07:17,07:17,07:23,07:24,07:26,07:27,07:28,07:29,07:31,07:32,07:36,07:37,07:42
013-NE,xxxxx,xxxxx,xxxxx,xxxxx,xxxxx,xxxxx,xxxxx,xxxxx,xxxxx,xxxxx,xxxxx,xxxxx,xxxxx,xxxxx,xxxxx,xxxxx,06:55,06:58,06:58,--:--,--:--,--:--,--:--,--:--,--:--,07:11,07:11,--:--,--:--,--:--,--:--,--:--,--:--,--:--,--:--,07:26,07:26,--:--,--:--,07:34
014-NC,06:35,06:38,06:38,06:43,06:43,06:46,06:47,06:51,06:51,06:54,06:54,06:57,06:57,07:00,07:00,07:03,07:04,07:06,07:07,07:10,07:11,07:13,07:13,07:21,07:21,07:25,07:28,07:32,07:32,07:38,07:39,07:41,07:42,07:43,07:44,07:46,07:47,07:51,07:52,07:57
015-NE,xxxxx,xxxxx,xxxxx,xxxxx,xxxxx,xxxxx,xxxxx,xxxxx,xxxxx,xxxxx,xxxxx,xxxxx,xxxxx,xxxxx,xxxxx,xxxxx,07:10,07:13,07:13,--:--,--:--,--:--,--:--,--:--,--:--,07:26,07:26,--:--,--:--,--:--,--:--,--:--,--:--,--:--,--:--,07:41,07:41,--:--,--:--,07:49
016-NC,06:50,06:53,06:53,06:58,06:58,07:01,07:02,07:06,07:06,07:09,07:09,07:12,07:12,07:15,07:15,07:18,07:19,07:21,07:22,07:25,07:26,07:28,07:28,07:36,07:36,07:40,07:43,07:47,07:47,07:53,07:54,07:56,07:57,07:58,07:59,08:01,08:02,08:06,08:07,08:12
017-NE,xxxxx,xxxxx,xxxxx,xxxxx,xxxxx,xxxxx,xxxxx,xxxxx,xxxxx,xxxxx,xxxxx,xxxxx,xxxxx,xxxxx,xxxxx,xxxxx,07:25,07:28,07:28,--:--,--:--,--:--,--:--,--:--,--:--,07:41,07:41,--:--,--:--,--:--,--:--,--:--,--:--,--:--,--:--,07:56,07:56,--:--,--:--,08:04
018-NC,07:05,07:08,07:08,07:13,07:13,07:16,07:17,07:21,07:21,07:24,07:24,07:27,07:27,07:30,07:30,07:33,07:34,07:36,07:37,07:40,07:41,07:43,07:43,07:51,07:51,07:55,07:58,08:02,08:02,08:08,08:09,08:11,08:12,08:13,08:14,08:16,08:17,08:21,08:22,08:27
019-NE,xxxxx,xxxxx,xxxxx,xxxxx,xxxxx,xxxxx,xxxxx,xxxxx,xxxxx,xxxxx,xxxxx,xxxxx,xxxxx,xxxxx,xxxxx,xxxxx,07:40,07:43,07:43,--:--,--:--,--:--,--:--,--:--,--:--,07:56,07:56,--:--,--:--,--:--,--:--,--:--,--:--,--:--,--:--,08:11,08:11,--:--,--:--,08:19
020-NC,07:20,07:23,07:23,07:28,07:28,07:31,07:32,07:36,07:36,07:39,07:39,07:42,07:42,07:45,07:45,07:48,07:49,07:51,07:52,07:55,07:56,07:58,07:58,08:06,08:06,08:10,08:13,08:17,08:17,08:23,08:24,08:26,08:27,08:28,08:29,08:31,08:32,08:36,08:37,08:42
021-NE,xxxxx,xxxxx,xxxxx,xxxxx,xxxxx,xxxxx,xxxxx,xxxxx,xxxxx,xxxxx,xxxxx,xxxxx,xxxxx,xxxxx,xxxxx,xxxxx,07:55,07:58,07:58,--:--,--:--,--:--,--:--,--:--,--:--,08:11,08:11,--:--,--:--,--:--,--:--,--:--,--:--,--:--,--:--,08:26,08:26,--:--,--:--,08:34
022-NC,07:35,07:38,07:38,07:43,07:43,07:46,07:47,07:51,07:51,07:54,07:54,07:57,07:57,08:00,08:00,08:03,08:04,08:06,08:07,08:10,08:11,08:13,08:13,08:21,08:21,08:25,08:28,08:32,08:32,08:38,08:39,08:41,08:42,08:43,08:44,08:46,08:47,08:51,08:52,08:57
023-NE,xxxxx,xxxxx,xxxxx,xxxxx,xxxxx,xxxxx,xxxxx,xxxxx,xxxxx,xxxxx,xxxxx,xxxxx,xxxxx,xxxxx,xxxxx,xxxxx,08:10,08:13,08:13,--:--,--:--,--:--,--:--,--:--,--:--,08:26,08:26,--:--,--:--,--:--,--:--,--:--,--:--,--:--,--:--,08:41,08:41,--:--,--:--,08:49
024-NC,07:50,07:53,07:53,07:58,07:58,08:01,08:02,08:06,08:06,08:09,08:09,08:12,08:12,08:15,08:15,08:18,08:19,08:21,08:22,08:25,08:26,08:28,08:28,08:36,08:36,08:40,08:43,08:47,08:47,08:53,08:54,08:56,08:57,08:58,08:59,09:01,09:02,09:06,09:07,09:12
025-NE,xxxxx,xxxxx,xxxxx,xxxxx,xxxxx,xxxxx,xxxxx,xxxxx,xxxxx,xxxxx,xxxxx,xxxxx,xxxxx,xxxxx,xxxxx,xxxxx,08:25,08:28,08:28,--:--,--:--,--:--,--:--,--:--,--:--,08:41,08:41,--:--,--:--,--:--,--:--,--:--,--:--,--:--,--:--,08:56,08:56,--:--,--:--,09:04
026-NC,08:05,08:08,08:08,08:13,08:13,08:16,08:17,08:21,08:21,08:24,08:24,08:27,08:27,08:30,08:30,08:33,08:34,08:36,08:37,08:40,08:41,08:43,08:43,08:51,08:51,08:55,08:58,09:02,09:02,09:08,09:09,09:11,09:12,09:13,09:14,09:16,09:17,09:21,09:22,09:27
027-NE,xxxxx,xxxxx,xxxxx,xxxxx,xxxxx,xxxxx,xxxxx,xxxxx,xxxxx,xxxxx,xxxxx,xxxxx,xxxxx,xxxxx,xxxxx,xxxxx,08:40,08:43,08:43,--:--,--:--,--:--,--:--,--:--,--:--,08:56,08:56,--:--,--:--,--:--,--:--,--:--,--:--,--:--,--:--,09:11,09:11,--:--,--:--,09:19
028-NC,08:20,08:23,08:23,08:28,08:28,08:31,08:32,08:36,08:36,08:39,08:39,08:42,08:42,08:45,08:45,08:48,08:49,08:51,08:52,08:55,08:56,08:58,08:58,09:06,09:06,09:10,09:13,09:17,09:17,09:23,09:24,09:26,09:27,09:28,09:29,09:31,09:32,09:36,09:37,09:42
029-NE,xxxxx,xxxxx,xxxxx,xxxxx,xxxxx,xxxxx,xxxxx,xxxxx,xxxxx,xxxxx,xxxxx,xxxxx,xxxxx,xxxxx,xxxxx,xxxxx,08:55,08:58,08:58,--:--,--:--,--:--,--:--,--:--,--:--,09:11,09:11,--:--,--:--,--:--,--:--,--:--,--:--,--:--,--:--,09:26,09:26,--:--,--:--,09:34
030-NC,08:35,08:38,08:38,08:43,08:43,08:46,08:47,08:51,08:51,08:54,08:54,08:57,08:57,09:00,09:00,09:03,09:04,09:06,09:07,09:10,09:11,09:13,09:13,09:21,09:21,09:25,09:28,09:32,09:32,09:38,09:39,09:41,09:42,09:43,09:44,09:46,09:47,09:51,09:52,09:57
031-NE,xxxxx,xxxxx,xxxxx,xxxxx,xxxxx,xxxxx,xxxxx,xxxxx,xxxxx,xxxxx,xxxxx,xxxxx,xxxxx,xxxxx,xxxxx,xxxxx,09:10,09:13,09:13,--:--,--:--,--:--,--:--,--:--,--:--,09:26,09:26,--:--,--:--,--:--,--:--,--:--,--:--,--:--,--:--,09:41,09:41,--:--,--:--,09:49
032-NC,08:50,08:53,08:53,08:58,08:58,09:01,09:02,09:06,09:06,09:09,09:09,09:12,09:12,09:15,09:15,09:18,09:19,09:21,09:22,09:25,09:26,09:28,09:28,09:36,09:36,09:40,09:43,09:47,09:47,09:53,09:54,09:56,09:57,09:58,09:59,10:01,10:02,10:06,10:07,10:12
033-NE,xxxxx,xxxxx,xxxxx,xxxxx,xxxxx,xxxxx,xxxxx,xxxxx,xxxxx,xxxxx,xxxxx,xxxxx,xxxxx,xxxxx,xxxxx,xxxxx,09:25,09:28,09:28,--:--,--:--,--:--,--:--,--:--,--:--,09:41,09:41,--:--,--:--,--:--,--:--,--:--,--:--,--:--,--:--,09:56,09:56,--:--,--:--,10:04
034-NC,09:05,09:08,09:08,09:13,09:13,09:16,09:17,09:21,09:21,09:24,09:24,09:27,09:27,09:30,09:30,09:33,09:34,09:36,09:37,09:40,09:41,09:43,09:43,09:51,09:51,09:55,09:58,10:02,10:02,10:08,10:09,10:11,10:12,10:13,10:14,10:16,10:17,10:21,10:22,10:27
035-NE,xxxxx,xxxxx,xxxxx,xxxxx,xxxxx,xxxxx,xxxxx,xxxxx,xxxxx,xxxxx,xxxxx,xxxxx,xxxxx,xxxxx,xxxxx,xxxxx,09:40,09:43,09:43,--:--,--:--,--:--,--:--,--:--,--:--,09:56,09:56,--:--,--:--,--:--,--:--,--:--,--:--,--:--,--:--,10:11,10:11,--:--,--:--,10:19
036-NC,09:20,09:23,09:23,09:28,09:28,09:31,09:32,09:36,09:36,09:39,09:39,09:42,09:42,09:45,09:45,09:48,09:49,09:51,09:52,09:55,09:56,09:58,09:58,10:06,10:06,10:10,10:13,10:17,10:17,10:23,10:24,10:26,10:27,10:28,10:29,10:31,10:32,10:36,10:37,10:42
037-NE,xxxxx,xxxxx,xxxxx,xxxxx,xxxxx,xxxxx,xxxxx,xxxxx,xxxxx,xxxxx,xxxxx,xxxxx,xxxxx,xxxxx,xxxxx,xxxxx,09:55,09:58,09:58,--:--,--:--,--:--,--:--,--:--,--:--,10:11,10:11,--:--,--:--,--:--,--:--,--:--,--:--,--:--,--:--,10:26,10:26,--:--,--:--,10:34
038-NC,09:35,09:38,09:38,09:43,09:43,09:46,09:47,09:51,09:51,09:54,09:54,09:57,09:57,10:00,10:00,10:03,10:04,10:06,10:07,10:10,10:11,10:13,10:13,10:21,10:21,10:25,10:28,10:32,10:32,10:38,10:39,10:41,10:42,10:43,10:44,10:46,10:47,10:51,10:52,10:57
039-NE,xxxxx,xxxxx,xxxxx,xxxxx,xxxxx,xxxxx,xxxxx,xxxxx,xxxxx,xxxxx,xxxxx,xxxxx,xxxxx,xxxxx,xxxxx,xxxxx,10:10,10:13,10:13,--:--,--:--,--:--,--:--,--:--,--:--,10:26,10:26,--:--,--:--,--:--,--:--,--:--,--:--,--:--,--:--,10:41,10:41,--:--,--:--,10:49
040-NC,09:50,09:53,09:53,09:58,09:58,10:01,10:02,10:06,10:06,10:09,10:09,10:12,10:12,10:15,10:15,10:18,10:19,10:21,10:22,10:25,10:26,10:28,10:28,10:36,10:36,10:40,10:43,10:47,10:47,10:53,10:54,10:56,10:57,10:58,10:59,11:01,11:02,11:06,11:07,11:12
041-NE,xxxxx,xxxxx,xxxxx,xxxxx,xxxxx,xxxxx,xxxxx,xxxxx,xxxxx,xxxxx,xxxxx,xxxxx,xxxxx,xxxxx,xxxxx,xxxxx,10:25,10:28,10:28,--:--,--:--,--:--,--:--,--:--,--:--,10:41,10:41,--:--,--:--,--:--,--:--,--:--,--:--,--:--,--:--,10:56,10:56,--:--,--:--,11:04
042-NC,10:05,10:08,10:08,10:13,10:13,10:16,10:17,10:21,10:21,10:24,10:24,10:27,10:27,10:30,10:30,10:33,10:34,10:36,10:37,10:40,10:41,10:43,10:43,10:51,10:51,10:55,10:58,11:02,11:02,11:08,11:09,11:11,11:12,11:13,11:14,11:16,11:17,11:21,11:22,11:27
043-NE,xxxxx,xxxxx,xxxxx,xxxxx,xxxxx,xxxxx,xxxxx,xxxxx,xxxxx,xxxxx,xxxxx,xxxxx,xxxxx,xxxxx,xxxxx,xxxxx,10:40,10:43,10:43,--:--,--:--,--:--,--:--,--:--,--:--,10:56,10:56,--:--,--:--,--:--,--:--,--:--,--:--,--:--,--:--,11:11,11:11,--:--,--:--,11:19
044-NC,10:20,10:23,10:23,10:28,10:28,10:31,10:32,10:36,10:36,10:39,10:39,10:42,10:42,10:45,10:45,10:48,10:49,10:51,10:52,10:55,10:56,10:58,10:58,11:06,11:06,11:10,11:13,11:17,11:17,11:23,11:24,11:26,11:27,11:28,11:29,11:31,11:32,11:36,11:37,11:42
045-NE,xxxxx,xxxxx,xxxxx,xxxxx,xxxxx,xxxxx,xxxxx,xxxxx,xxxxx,xxxxx,xxxxx,xxxxx,xxxxx,xxxxx,xxxxx,xxxxx,10:55,10:58,10:58,--:--,--:--,--:--,--:--,--:--,--:--,11:11,11:11,--:--,--:--,--:--,--:--,--:--,--:--,--:--,--:--,11:26,11:26,--:--,--:--,11:34
046-NC,10:35,10:38,10:38,10:43,10:43,10:46,10:47,10:51,10:51,10:54,10:54,10:57,10:57,11:00,11:00,11:03,11:04,11:06,11:07,11:10,11:11,11:13,11:13,11:21,11:21,11:25,11:28,11:32,11:32,11:38,11:39,11:41,11:42,11:43,11:44,11:46,11:47,11:51,11:52,11:57
047-NE,xxxxx,xxxxx,xxxxx,xxxxx,xxxxx,xxxxx,xxxxx,xxxxx,xxxxx,xxxxx,xxxxx,xxxxx,xxxxx,xxxxx,xxxxx,xxxxx,11:10,11:13,11:13,--:--,--:--,--:--,--:--,--:--,--:--,11:26,11:26,--:--,--:--,--:--,--:--,--:--,--:--,--:--,--:--,11:41,11:41,--:--,--:--,11:49
048-NC,10:50,10:53,10:53,10:58,10:58,11:01,11:02,11:06,11:06,11:09,11:09,11:12,11:12,11:15,11:15,11:18,11:19,11:21,11:22,11:25,11:26,11:28,11:28,11:36,11:36,11:40,11:43,11:47,11:47,11:53,11:54,11:56,11:57,11:58,11:59,12:01,12:02,12:06,12:07,12:12
049-NE,xxxxx,xxxxx,xxxxx,xxxxx,xxxxx,xxxxx,xxxxx,xxxxx,xxxxx,xxxxx,xxxxx,xxxxx,xxxxx,xxxxx,xxxxx,xxxxx,11:25,11:28,11:28,--:--,--:--,--:--,--:--,--:--,--:--,11:41,11:41,--:--,--:--,--:--,--:--,--:--,--:--,--:--,--:--,11:56,11:56,--:--,--:--,12:04
050-NC,11:05,11:08,11:08,11:13,11:13,11:16,11:17,11:21,11:21,11:24,11:24,11:27,11:27,11:30,11:30,11:33,11:34,11:36,11:37,11:40,11:41,11:43,11:43,11:51,11:51,11:55,11:58,12:02,12:02,12:08,12:09,12:11,12:12,12:13,12:14,12:16,12:17,12:21,12:22,12:27
051-NE,xxxxx,xxxxx,xxxxx,xxxxx,xxxxx,xxxxx,xxxxx,xxxxx,xxxxx,xxxxx,xxxxx,xxxxx,xxxxx,xxxxx,xxxxx,xxxxx,11:40,11:43,11:43,--:--,--:--,--:--,--:--,--:--,--:--,11:56,11:56,--:--,--:--,--:--,--:--,--:--,--:--,--:--,--:--,12:11,12:11,--:--,--:--,12:19
052-NC,11:20,11:23,11:23,11:28,11:28,11:31,11:32,11:36,11:36,11:39,11:39,11:42,11:42,11:45,11:45,11:48,11:49,11:51,11:52,11:55,11:56,11:58,11:58,12:06,12:06,12:10,12:13,12:17,12:17,12:23,12:24,12:26,12:27,12:28,12:29,12:31,12:32,12:36,12:37,12:42
053-NE,xxxxx,xxxxx,xxxxx,xxxxx,xxxxx,xxxxx,xxxxx,xxxxx,xxxxx,xxxxx,xxxxx,xxxxx,xxxxx,xxxxx,xxxxx,xxxxx,11:55,11:58,11:58,--:--,--:--,--:--,--:--,--:--,--:--,12:11,12:11,--:--,--:--,--:--,--:--,--:--,--:--,--:--,--:--,12:26,12:26,--:--,--:--,12:34
054-NC,11:35,11:38,11:38,11:43,11:43,11:46,11:47,11:51,11:51,11:54,11:54,11:57,11:57,12:00,12:00,12:03,12:04,12:06,12:07,12:10,12:11,12:13,12:13,12:21,12:21,12:25,12:28,12:32,12:32,12:38,12:39,12:41,12:42,12:43,12:44,12:46,12:47,12:51,12:52,12:57
055-NE,xxxxx,xxxxx,xxxxx,xxxxx,xxxxx,xxxxx,xxxxx,xxxxx,xxxxx,xxxxx,xxxxx,xxxxx,xxxxx,xxxxx,xxxxx,xxxxx,12:10,12:13,12:13,--:--,--:--,--:--,--:--,--:--,--:--,12:26,12:26,--:--,--:--,--:--,--:--,--:--,--:--,--:--,--:--,12:41,12:41,--:--,--:--,12:49
056-NC,11:50,11:53,11:53,11:58,11:58,12:01,12:02,12:06,12:06,12:09,12:09,12:12,12:12,12:15,12:15,12:18,12:19,12:21,12:22,12:25,12:26,12:28,12:28,12:36,12:36,12:40,12:43,12:47,12:47,12:53,12:54,12:56,12:57,12:58,12:59,13:01,13:02,13:06,13:07,13:12
057-NE,xxxxx,xxxxx,xxxxx,xxxxx,xxxxx,xxxxx,xxxxx,xxxxx,xxxxx,xxxxx,xxxxx,xxxxx,xxxxx,xxxxx,xxxxx,xxxxx,12:25,12:28,12:28,--:--,--:--,--:--,--:--,--:--,--:--,12:41,12:41,--:--,--:--,--:--,--:--,--:--,--:--,--:--,--:--,12:56,12:56,--:--,--:--,13:04
058-NC,12:05,12:08,12:08,12:13,12:13,12:16,12:17,12:21,12:21,12:24,12:24,12:27,12:27,12:30,12:30,12:33,12:34,12:36,12:37,12:40,12:41,12:43,12:43,12:51,12:51,12:55,12:58,13:02,13:02,13:08,13:09,13:11,13:12,13:13,13:14,13:16,13:17,13:21,13:22,13:27
059-NE,xxxxx,xxxxx,xxxxx,xxxxx,xxxxx,xxxxx,xxxxx,xxxxx,xxxxx,xxxxx,xxxxx,xxxxx,xxxxx,xxxxx,xxxxx,xxxxx,12:40,12:43,12:43,--:--,--:--,--:--,--:--,--:--,--:--,12:56,12:56,--:--,--:--,--:--,--:--,--:--,--:--,--:--,--:--,13:11,13:11,--:--,--:--,13:19
060-NC,12:20,12:23,12:23,12:28,12:28,12:31,12:32,12:36,12:36,12:39,12:39,12:42,12:42,12:45,12:45,12:48,12:49,12:51,12:52,12:55,12:56,12:58,12:58,13:06,13:06,13:10,13:13,13:17,13:17,13:23,13:24,13:26,13:27,13:28,13:29,13:31,13:32,13:36,13:37,13:42
061-NE,xxxxx,xxxxx,xxxxx,xxxxx,xxxxx,xxxxx,xxxxx,xxxxx,xxxxx,xxxxx,xxxxx,xxxxx,xxxxx,xxxxx,xxxxx,xxxxx,12:55,12:58,12:58,--:--,--:--,--:--,--:--,--:--,--:--,13:11,13:11,--:--,--:--,--:--,--:--,--:--,--:--,--:--,--:--,13:26,13:26,--:--,--:--,13:34
062-NC,12:35,12:38,12:38,12:43,12:43,12:46,12:47,12:51,12:51,12:54,12:54,12:57,12:57,13:00,13:00,13:03,13:04,13:06,13:07,13:10,13:11,13:13,13:13,13:21,13:21,13:25,13:28,13:32,13:32,13:38,13:39,13:41,13:42,13:43,13:44,13:46,13:47,13:51,13:52,13:57
063-NE,xxxxx,xxxxx,xxxxx,xxxxx,xxxxx,xxxxx,xxxxx,xxxxx,xxxxx,xxxxx,xxxxx,xxxxx,xxxxx,xxxxx,xxxxx,xxxxx,13:10,13:13,13:13,--:--,--:--,--:--,--:--,--:--,--:--,13:26,13:26,--:--,--:--,--:--,--:--,--:--,--:--,--:--,--:--,13:41,13:41,--:--,--:--,13:49
064-NC,12:50,12:53,12:53,12:58,12:58,13:01,13:02,13:06,13:06,13:09,13:09,13:12,13:12,13:15,13:15,13:18,13:19,13:21,13:22,13:25,13:26,13:28,13:28,13:36,13:36,13:40,13:43,13:47,13:47,13:53,13:54,13:56,13:57,13:58,13:59,14:01,14:02,14:06,14:07,14:12
065-NE,xxxxx,xxxxx,xxxxx,xxxxx,xxxxx,xxxxx,xxxxx,xxxxx,xxxxx,xxxxx,xxxxx,xxxxx,xxxxx,xxxxx,xxxxx,xxxxx,13:25,13:28,13:28,--:--,--:--,--:--,--:--,--:--,--:--,13:41,13:41,--:--,--:--,--:--,--:--,--:--,--:--,--:--,--:--,13:56,13:56,--:--,--:--,14:04
066-NC,13:05,13:08,13:08,13:13,13:13,13:16,13:17,13:21,13:21,13:24,13:24,13:27,13:27,13:30,13:30,13:33,13:34,13:36,13:37,13:40,13:41,13:43,13:43,13:51,13:51,13:55,13:58,14:02,14:02,14:08,14:09,14:11,14:12,14:13,14:14,14:16,14:17,14:21,14:22,14:27
067-NE,xxxxx,xxxxx,xxxxx,xxxxx,xxxxx,xxxxx,xxxxx,xxxxx,xxxxx,xxxxx,xxxxx,xxxxx,xxxxx,xxxxx,xxxxx,xxxxx,13:40,13:43,13:43,--:--,--:--,--:--,--:--,--:--,--:--,13:56,13:56,--:--,--:--,--:--,--:--,--:--,--:--,--:--,--:--,14:11,14:11,--:--,--:--,14:19
068-NC,13:20,13:23,13:23,13:28,13:28,13:31,13:32,13:36,13:36,13:39,13:39,13:42,13:42,13:45,13:45,13:48,13:49,13:51,13:52,13:55,13:56,13:58,13:58,14:06,14:06,14:10,14:13,14:17,14:17,14:23,14:24,14:26,14:27,14:28,14:29,14:31,14:32,14:36,14:37,14:42
069-NE,xxxxx,xxxxx,xxxxx,xxxxx,xxxxx,xxxxx,xxxxx,xxxxx,xxxxx,xxxxx,xxxxx,xxxxx,xxxxx,xxxxx,xxxxx,xxxxx,13:55,13:58,13:58,--:--,--:--,--:--,--:--,--:--,--:--,14:11,14:11,--:--,--:--,--:--,--:--,--:--,--:--,--:--,--:--,14:26,14:26,--:--,--:--,14:34
070-NC,13:35,13:38,13:38,13:43,13:43,13:46,13:47,13:51,13:51,13:54,13:54,13:57,13:57,14:00,14:00,14:03,14:04,14:06,14:07,14:10,14:11,14:13,14:13,14:21,14:21,14:25,14:28,14:32,14:32,14:38,14:39,14:41,14:42,14:43,14:44,14:46,14:47,14:51,14:52,14:57
071-NE,xxxxx,xxxxx,xxxxx,xxxxx,xxxxx,xxxxx,xxxxx,xxxxx,xxxxx,xxxxx,xxxxx,xxxxx,xxxxx,xxxxx,xxxxx,xxxxx,14:10,14:13,14:13,--:--,--:--,--:--,--:--,--:--,--:--,14:26,14:26,--:--,--:--,--:--,--:--,--:--,--:--,--:--,--:--,14:41,14:41,--:--,--:--,14:49
072-NC,13:50,13:53,13:53,13:58,13:58,14:01,14:02,14:06,14:06,14:09,14:09,14:12,14:12,14:15,14:15,14:18,14:19,14:21,14:22,14:25,14:26,14:28,14:28,14:36,14:36,14:40,14:43,14:47,14:47,14:53,14:54,14:56,14:57,14:58,14:59,15:01,15:02,15:06,15:07,15:12
073-NE,xxxxx,xxxxx,xxxxx,xxxxx,xxxxx,xxxxx,xxxxx,xxxxx,xxxxx,xxxxx,xxxxx,xxxxx,xxxxx,xxxxx,xxxxx,xxxxx,14:25,14:28,14:28,--:--,--:--,--:--,--:--,--:--,--:--,14:41,14:41,--:--,--:--,--:--,--:--,--:--,--:--,--:--,--:--,14:56,14:56,--:--,--:--,15:04
074-NC,14:05,14:08,14:08,14:13,14:13,14:16,14:17,14:21,14:21,14:24,14:24,14:27,14:27,14:30,14:30,14:33,14:34,14:36,14:37,14:40,14:41,14:43,14:43,14:51,14:51,14:55,14:58,15:02,15:02,15:08,15:09,15:11,15:12,15:13,15:14,15:16,15:17,15:21,15:22,15:27
075-NX,14:15,--:--,--:--,--:--,--:--,14:25,14:26,--:--,--:--,--:--,--:--,--:--,--:--,--:--,--:--,14:38,14:40,14:43,14:43,--:--,--:--,--:--,--:--,--:--,--:--,14:56,14:56,--:--,--:--,--:--,--:--,--:--,--:--,--:--,--:--,15:11,15:11,--:--,--:--,15:19
076-NC,14:20,14:23,14:23,14:28,14:28,14:31,14:32,14:36,14:36,14:39,14:39,14:42,14:42,14:45,14:45,14:48,14:49,14:51,14:52,14:55,14:56,14:58,14:58,15:06,15:06,15:10,15:13,15:17,15:17,15:23,15:24,15:26,15:27,15:28,15:29,15:31,15:32,15:36,15:37,15:42
077-NE,xxxxx,xxxxx,xxxxx,xxxxx,xxxxx,xxxxx,xxxxx,xxxxx,xxxxx,xxxxx,xxxxx,xxxxx,xxxxx,xxxxx,xxxxx,xxxxx,14:55,14:58,14:58,--:--,--:--,--:--,--:--,--:--,--:--,15:11,15:11,--:--,--:--,--:--,--:--,--:--,--:--,--:--,--:--,15:26,15:26,--:--,--:--,15:34
078-NC,14:35,14:38,14:38,14:43,14:43,14:46,14:47,14:51,14:51,14:54,14:54,14:57,14:57,15:00,15:00,15:03,15:04,15:06,15:07,15:10,15:11,15:13,15:13,15:21,15:21,15:25,15:28,15:32,15:32,15:38,15:39,15:41,15:42,15:43,15:44,15:46,15:47,15:51,15:52,15:57
079-NE,xxxxx,xxxxx,xxxxx,xxxxx,xxxxx,xxxxx,xxxxx,xxxxx,xxxxx,xxxxx,xxxxx,xxxxx,xxxxx,xxxxx,xxxxx,xxxxx,15:10,15:13,15:13,--:--,--:--,--:--,--:--,--:--,--:--,15:26,15:26,--:--,--:--,--:--,--:--,--:--,--:--,--:--,--:--,15:41,15:41,--:--,--:--,15:49
080-NC,14:50,14:53,14:53,14:58,14:58,15:01,15:02,15:06,15:06,15:09,15:09,15:12,15:12,15:15,15:15,15:18,15:19,15:21,15:22,15:25,15:26,15:28,15:28,15:36,15:36,15:40,15:43,15:47,15:47,15:53,15:54,15:56,15:57,15:58,15:59,16:01,16:02,16:06,16:07,16:12
081-NE,xxxxx,xxxxx,xxxxx,xxxxx,xxxxx,xxxxx,xxxxx,xxxxx,xxxxx,xxxxx,xxxxx,xxxxx,xxxxx,xxxxx,xxxxx,xxxxx,15:25,15:28,15:28,--:--,--:--,--:--,--:--,--:--,--:--,15:41,15:41,--:--,--:--,--:--,--:--,--:--,--:--,--:--,--:--,15:56,15:56,--:--,--:--,16:04
082-NC,15:05,15:08,15:08,15:13,15:13,15:16,15:17,15:21,15:21,15:24,15:24,15:27,15:27,15:30,15:30,15:33,15:34,15:36,15:37,15:40,15:41,15:43,15:43,15:51,15:51,15:55,15:58,16:02,16:02,16:08,16:09,16:11,16:12,16:13,16:14,16:16,16:17,16:21,16:22,16:27
083-NX,15:15,--:--,--:--,--:--,--:--,15:25,15:26,--:--,--:--,--:--,--:--,--:--,--:--,--:--,--:--,15:38,15:40,15:43,15:43,--:--,--:--,--:--,--:--,--:--,--:--,15:56,15:56,--:--,--:--,--:--,--:--,--:--,--:--,--:--,--:--,16:11,16:11,--:--,--:--,16:19
084-NC,15:20,15:23,15:23,15:28,15:28,15:31,15:32,15:36,15:36,15:39,15:39,15:42,15:42,15:45,15:45,15:48,15:49,15:51,15:52,15:55,15:56,15:58,15:58,16:06,16:06,16:10,16:13,16:17,16:17,16:23,16:24,16:26,16:27,16:28,16:29,16:31,16:32,16:36,16:37,16:42
085-NE,xxxxx,xxxxx,xxxxx,xxxxx,xxxxx,xxxxx,xxxxx,xxxxx,xxxxx,xxxxx,xxxxx,xxxxx,xxxxx,xxxxx,xxxxx,xxxxx,15:55,15:58,15:58,--:--,--:--,--:--,--:--,--:--,--:--,16:11,16:11,--:--,--:--,--:--,--:--,--:--,--:--,--:--,--:--,16:26,16:26,--:--,--:--,16:34
086-NC,15:35,15:38,15:38,15:43,15:43,15:46,15:47,15:51,15:51,15:54,15:54,15:57,15:57,16:00,16:00,16:03,16:04,16:06,16:07,16:10,16:11,16:13,16:13,16:21,16:21,16:25,16:28,16:32,16:32,16:38,16:39,16:41,16:42,16:43,16:44,16:46,16:47,16:51,16:52,16:57
087-NE,xxxxx,xxxxx,xxxxx,xxxxx,xxxxx,xxxxx,xxxxx,xxxxx,xxxxx,xxxxx,xxxxx,xxxxx,xxxxx,xxxxx,xxxxx,xxxxx,16:10,16:13,16:13,--:--,--:--,--:--,--:--,--:--,--:--,16:26,16:26,--:--,--:--,--:--,--:--,--:--,--:--,--:--,--:--,16:41,16:41,--:--,--:--,16:49
088-NC,15:50,15:53,15:53,15:58,15:58,16:01,16:02,16:06,16:06,16:09,16:09,16:12,16:12,16:15,16:15,16:18,16:19,16:21,16:22,16:25,16:26,16:28,16:28,16:36,16:36,16:40,16:43,16:47,16:47,16:53,16:54,16:56,16:57,16:58,16:59,17:01,17:02,17:06,17:07,17:12
089-NE,xxxxx,xxxxx,xxxxx,xxxxx,xxxxx,xxxxx,xxxxx,xxxxx,xxxxx,xxxxx,xxxxx,xxxxx,xxxxx,xxxxx,xxxxx,xxxxx,16:25,16:28,16:28,--:--,--:--,--:--,--:--,--:--,--:--,16:41,16:41,--:--,--:--,--:--,--:--,--:--,--:--,--:--,--:--,16:56,16:56,--:--,--:--,17:04
090-NC,16:05,16:08,16:08,16:13,16:13,16:16,16:17,16:21,16:21,16:24,16:24,16:27,16:27,16:30,16:30,16:33,16:34,16:36,16:37,16:40,16:41,16:43,16:43,16:51,16:51,16:55,16:58,17:02,17:02,17:08,17:09,17:11,17:12,17:13,17:14,17:16,17:17,17:21,17:22,17:27
091-NX,16:15,--:--,--:--,--:--,--:--,16:25,16:26,--:--,--:--,--:--,--:--,--:--,--:--,--:--,--:--,16:38,16:40,16:43,16:43,--:--,--:--,--:--,--:--,--:--,--:--,16:56,16:56,--:--,--:--,--:--,--:--,--:--,--:--,--:--,--:--,17:11,17:11,--:--,--:--,17:19
092-NC,16:20,16:23,16:23,16:28,16:28,16:31,16:32,16:36,16:36,16:39,16:39,16:42,16:42,16:45,16:45,16:48,16:49,16:51,16:52,16:55,16:56,16:58,16:58,17:06,17:06,17:10,17:13,17:17,17:17,17:23,17:24,17:26,17:27,17:28,17:29,17:31,17:32,17:36,17:37,17:42
093-NE,xxxxx,xxxxx,xxxxx,xxxxx,xxxxx,xxxxx,xxxxx,xxxxx,xxxxx,xxxxx,xxxxx,xxxxx,xxxxx,xxxxx,xxxxx,xxxxx,16:55,16:58,16:58,--:--,--:--,--:--,--:--,--:--,--:--,17:11,17:11,--:--,--:--,--:--,--:--,--:--,--:--,--:--,--:--,17:26,17:26,--:--,--:--,17:34
094-NC,16:35,16:38,16:38,16:43,16:43,16:46,16:47,16:51,16:51,16:54,16:54,16:57,16:57,17:00,17:00,17:03,17:04,17:06,17:07,17:10,17:11,17:13,17:13,17:21,17:21,17:25,17:28,17:32,17:32,17:38,17:39,17:41,17:42,17:43,17:44,17:46,17:47,17:51,17:52,17:57
095-NE,xxxxx,xxxxx,xxxxx,xxxxx,xxxxx,xxxxx,xxxxx,xxxxx,xxxxx,xxxxx,xxxxx,xxxxx,xxxxx,xxxxx,xxxxx,xxxxx,17:10,17:13,17:13,--:--,--:--,--:--,--:--,--:--,--:--,17:26,17:26,--:--,--:--,--:--,--:--,--:--,--:--,--:--,--:--,17:41,17:41,--:--,--:--,17:49
096-NC,16:50,16:53,16:53,16:58,16:58,17:01,17:02,17:06,17:06,17:09,17:09,17:12,17:12,17:15,17:15,17:18,17:19,17:21,17:22,17:25,17:26,17:28,17:28,17:36,17:36,17:40,17:43,17:47,17:47,17:53,17:54,17:56,17:57,17:58,17:59,18:01,18:02,18:06,18:07,18:12
097-NE,xxxxx,xxxxx,xxxxx,xxxxx,xxxxx,xxxxx,xxxxx,xxxxx,xxxxx,xxxxx,xxxxx,xxxxx,xxxxx,xxxxx,xxxxx,xxxxx,17:25,17:28,17:28,--:--,--:--,--:--,--:--,--:--,--:--,17:41,17:41,--:--,--:--,--:--,--:--,--:--,--:--,--:--,--:--,17:56,17:56,--:--,--:--,18:04
098-NC,17:05,17:08,17:08,17:13,17:13,17:16,17:17,17:21,17:21,17:24,17:24,17:27,17:27,17:30,17:30,17:33,17:34,17:36,17:37,17:40,17:41,17:43,17:43,17:51,17:51,17:55,17:58,18:02,18:02,18:08,18:09,18:11,18:12,18:13,18:14,18:16,18:17,18:21,18:22,18:27
099-NX,17:15,--:--,--:--,--:--,--:--,17:25,17:26,--:--,--:--,--:--,--:--,--:--,--:--,--:--,--:--,17:38,17:40,17:43,17:43,--:--,--:--,--:--,--:--,--:--,--:--,17:56,17:56,--:--,--:--,--:--,--:--,--:--,--:--,--:--,--:--,18:11,18:11,--:--,--:--,18:19
100-NC,17:20,17:23,17:23,17:28,17:28,17:31,17:32,17:36,17:36,17:39,17:39,17:42,17:42,17:45,17:45,17:48,17:49,17:51,17:52,17:55,17:56,17:58,17:58,18:06,18:06,18:10,18:13,18:17,18:17,18:23,18:24,18:26,18:27,18:28,18:29,18:31,18:32,18:36,18:37,18:42
101-NE,xxxxx,xxxxx,xxxxx,xxxxx,xxxxx,xxxxx,xxxxx,xxxxx,xxxxx,xxxxx,xxxxx,xxxxx,xxxxx,xxxxx,xxxxx,xxxxx,17:55,17:58,17:58,--:--,--:--,--:--,--:--,--:--,--:--,18:11,18:11,--:--,--:--,--:--,--:--,--:--,--:--,--:--,--:--,18:26,18:26,--:--,--:--,18:34
102-NC,17:35,17:38,17:38,17:43,17:43,17:46,17:47,17:51,17:51,17:54,17:54,17:57,17:57,18:00,18:00,18:03,18:04,18:06,18:07,18:10,18:11,18:13,18:13,18:21,18:21,18:25,18:28,18:32,18:32,18:38,18:39,18:41,18:42,18:43,18:44,18:46,18:47,18:51,18:52,18:57
103-NE,xxxxx,xxxxx,xxxxx,xxxxx,xxxxx,xxxxx,xxxxx,xxxxx,xxxxx,xxxxx,xxxxx,xxxxx,xxxxx,xxxxx,xxxxx,xxxxx,18:10,18:13,18:13,--:--,--:--,--:--,--:--,--:--,--:--,18:26,18:26,--:--,--:--,--:--,--:--,--:--,--:--,--:--,--:--,18:41,18:41,--:--,--:--,18:49
104-NC,17:50,17:53,17:53,17:58,17:58,18:01,18:02,18:06,18:06,18:09,18:09,18:12,18:12,18:15,18:15,18:18,18:19,18:21,18:22,18:25,18:26,18:28,18:28,18:36,18:36,18:40,18:43,18:47,18:47,18:53,18:54,18:56,18:57,18:58,18:59,19:01,19:02,19:06,19:07,19:12
105-NE,xxxxx,xxxxx,xxxxx,xxxxx,xxxxx,xxxxx,xxxxx,xxxxx,xxxxx,xxxxx,xxxxx,xxxxx,xxxxx,xxxxx,xxxxx,xxxxx,18:25,18:28,18:28,--:--,--:--,--:--,--:--,--:--,--:--,18:41,18:41,--:--,--:--,--:--,--:--,--:--,--:--,--:--,--:--,18:56,18:56,--:--,--:--,19:04
106-NC,18:05,18:08,18:08,18:13,18:13,18:16,18:17,18:21,18:21,18:24,18:24,18:27,18:27,18:30,18:30,18:33,18:34,18:36,18:37,18:40,18:41,18:43,18:43,18:51,18:51,18:55,18:58,19:02,19:02,19:08,19:09,19:11,19:12,19:13,19:14,19:16,19:17,19:21,19:22,19:27
107-NX,18:15,--:--,--:--,--:--,--:--,18:25,18:26,--:--,--:--,--:--,--:--,--:--,--:--,--:--,--:--,18:38,18:40,18:43,18:43,--:--,--:--,--:--,--:--,--:--,--:--,18:56,18:56,--:--,--:--,--:--,--:--,--:--,--:--,--:--,--:--,19:11,19:11,--:--,--:--,19:19
108-NC,18:20,18:23,18:23,18:28,18:28,18:31,18:32,18:36,18:36,18:39,18:39,18:42,18:42,18:45,18:45,18:48,18:49,18:51,18:52,18:55,18:56,18:58,18:58,19:06,19:06,19:10,19:13,19:17,19:17,19:23,19:24,19:26,19:27,19:28,19:29,19:31,19:32,19:36,19:37,19:42
109-NE,xxxxx,xxxxx,xxxxx,xxxxx,xxxxx,xxxxx,xxxxx,xxxxx,xxxxx,xxxxx,xxxxx,xxxxx,xxxxx,xxxxx,xxxxx,xxxxx,18:55,18:58,18:58,--:--,--:--,--:--,--:--,--:--,--:--,19:11,19:11,--:--,--:--,--:--,--:--,--:--,--:--,--:--,--:--,19:26,19:26,--:--,--:--,19:34
110-NC,18:35,18:38,18:38,18:43,18:43,18:46,18:47,18:51,18:51,18:54,18:54,18:57,18:57,19:00,19:00,19:03,19:04,19:06,19:07,19:10,19:11,19:13,19:13,19:21,19:21,19:25,19:28,19:32,19:32,19:38,19:39,19:41,19:42,19:43,19:44,19:46,19:47,19:51,19:52,19:57
111-NE,xxxxx,xxxxx,xxxxx,xxxxx,xxxxx,xxxxx,xxxxx,xxxxx,xxxxx,xxxxx,xxxxx,xxxxx,xxxxx,xxxxx,xxxxx,xxxxx,19:10,19:13,19:13,--:--,--:--,--:--,--:--,--:--,--:--,19:26,19:26,--:--,--:--,--:--,--:--,--:--,--:--,--:--,--:--,19:41,19:41,--:--,--:--,19:49
112-NC,18:50,18:53,18:53,18:58,18:58,19:01,19:02,19:06,19:06,19:09,19:09,19:12,19:12,19:15,19:15,19:18,19:19,19:21,19:22,19:25,19:26,19:28,19:28,19:36,19:36,19:40,19:43,19:47,19:47,19:53,19:54,19:56,19:57,19:58,19:59,20:01,20:02,20:06,20:07,20:12
113-NE,xxxxx,xxxxx,xxxxx,xxxxx,xxxxx,xxxxx,xxxxx,xxxxx,xxxxx,xxxxx,xxxxx,xxxxx,xxxxx,xxxxx,xxxxx,xxxxx,19:25,19:28,19:28,--:--,--:--,--:--,--:--,--:--,--:--,19:41,19:41,--:--,--:--,--:--,--:--,--:--,--:--,--:--,--:--,19:56,19:56,--:--,--:--,20:04
114-NC,19:05,19:08,19:08,19:13,19:13,19:16,19:17,19:21,19:21,19:24,19:24,19:27,19:27,19:30,19:30,19:33,19:34,19:36,19:37,19:40,19:41,19:43,19:43,19:51,19:51,19:55,19:58,20:02,20:02,20:08,20:09,20:11,20:12,20:13,20:14,20:16,20:17,20:21,20:22,20:27
115-NX,19:15,--:--,--:--,--:--,--:--,19:25,19:26,--:--,--:--,--:--,--:--,--:--,--:--,--:--,--:--,19:38,19:40,19:43,19:43,--:--,--:--,--:--,--:--,--:--,--:--,19:56,19:56,--:--,--:--,--:--,--:--,--:--,--:--,--:--,--:--,20:11,20:11,--:--,--:--,20:19
116-NC,19:20,19:23,19:23,19:28,19:28,19:31,19:32,19:36,19:36,19:39,19:39,19:42,19:42,19:45,19:45,19:48,19:49,19:51,19:52,19:55,19:56,19:58,19:58,20:06,20:06,20:10,20:13,20:17,20:17,20:23,20:24,20:26,20:27,20:28,20:29,20:31,20:32,20:36,20:37,20:42
117-NE,xxxxx,xxxxx,xxxxx,xxxxx,xxxxx,xxxxx,xxxxx,xxxxx,xxxxx,xxxxx,xxxxx,xxxxx,xxxxx,xxxxx,xxxxx,xxxxx,19:55,19:58,19:58,--:--,--:--,--:--,--:--,--:--,--:--,20:11,20:11,--:--,--:--,--:--,--:--,--:--,--:--,--:--,--:--,20:26,20:26,--:--,--:--,20:34
118-NC,19:35,19:38,19:38,19:43,19:43,19:46,19:47,19:51,19:51,19:54,19:54,19:57,19:57,20:00,20:00,20:03,20:04,20:06,20:07,20:10,20:11,20:13,20:13,20:21,20:21,20:25,20:28,20:32,20:32,20:38,20:39,20:41,20:42,20:43,20:44,20:46,20:47,20:51,20:52,20:57
119-NE,xxxxx,xxxxx,xxxxx,xxxxx,xxxxx,xxxxx,xxxxx,xxxxx,xxxxx,xxxxx,xxxxx,xxxxx,xxxxx,xxxxx,xxxxx,xxxxx,20:10,20:13,20:13,--:--,--:--,--:--,--:--,--:--,--:--,20:26,20:26,--:--,--:--,--:--,--:--,--:--,--:--,--:--,--:--,20:41,20:41,--:--,--:--,20:49
120-NC,19:50,19:53,19:53,19:58,19:58,20:01,20:02,20:06,20:06,20:09,20:09,20:12,20:12,20:15,20:15,20:18,20:19,20:21,20:22,20:25,20:26,20:28,20:28,20:36,20:36,20:40,20:43,20:47,20:47,20:53,20:54,20:56,20:57,20:58,20:59,21:01,21:02,21:06,21:07,21:12
121-NE,xxxxx,xxxxx,xxxxx,xxxxx,xxxxx,xxxxx,xxxxx,xxxxx,xxxxx,xxxxx,xxxxx,xxxxx,xxxxx,xxxxx,xxxxx,xxxxx,20:25,20:28,20:28,--:--,--:--,--:--,--:--,--:--,--:--,20:41,20:41,--:--,--:--,--:--,--:--,--:--,--:--,--:--,--:--,20:56,20:56,--:--,--:--,21:04
122-NC,20:05,20:08,20:08,20:13,20:13,20:16,20:17,20:21,20:21,20:24,20:24,20:27,20:27,20:30,20:30,20:33,20:34,20:36,20:37,20:40,20:41,20:43,20:43,20:51,20:51,20:55,20:58,21:02,21:02,21:08,21:09,21:11,21:12,21:13,21:14,21:16,21:17,21:21,21:22,21:27
123-NE,xxxxx,xxxxx,xxxxx,xxxxx,xxxxx,xxxxx,xxxxx,xxxxx,xxxxx,xxxxx,xxxxx,xxxxx,xxxxx,xxxxx,xxxxx,xxxxx,20:40,20:43,20:43,--:--,--:--,--:--,--:--,--:--,--:--,20:56,20:56,--:--,--:--,--:--,--:--,--:--,--:--,--:--,--:--,21:11,21:11,--:--,--:--,21:19
124-NC,20:20,20:23,20:23,20:28,20:28,20:31,20:32,20:36,20:36,20:39,20:39,20:42,20:42,20:45,20:45,20:48,20:49,20:51,20:52,20:55,20:56,20:58,20:58,21:06,21:06,21:10,21:13,21:17,21:17,21:23,21:24,21:26,21:27,21:28,21:29,21:31,21:32,21:36,21:37,21:42
125-NE,xxxxx,xxxxx,xxxxx,xxxxx,xxxxx,xxxxx,xxxxx,xxxxx,xxxxx,xxxxx,xxxxx,xxxxx,xxxxx,xxxxx,xxxxx,xxxxx,20:55,20:58,20:58,--:--,--:--,--:--,--:--,--:--,--:--,21:11,21:11,--:--,--:--,--:--,--:--,--:--,--:--,--:--,--:--,21:26,21:26,--:--,--:--,21:34
126-NC,20:35,20:38,20:38,20:43,20:43,20:46,20:47,20:51,20:51,20:54,20:54,20:57,20:57,21:00,21:00,21:03,21:04,21:06,21:07,21:10,21:11,21:13,21:13,21:21,21:21,21:25,21:28,21:32,21:32,21:38,21:39,21:41,21:42,21:43,21:44,21:46,21:47,21:51,21:52,21:57
127-NE,xxxxx,xxxxx,xxxxx,xxxxx,xxxxx,xxxxx,xxxxx,xxxxx,xxxxx,xxxxx,xxxxx,xxxxx,xxxxx,xxxxx,xxxxx,xxxxx,21:10,21:13,21:13,--:--,--:--,--:--,--:--,--:--,--:--,21:26,21:26,--:--,--:--,--:--,--:--,--:--,--:--,--:--,--:--,21:41,21:41,--:--,--:--,21:49
128-NC,20:50,20:53,20:53,20:58,20:58,21:01,21:02,21:06,21:06,21:09,21:09,21:12,21:12,21:15,21:15,21:18,21:19,21:21,21:22,21:25,21:26,21:28,21:28,21:36,21:36,21:40,21:43,21:47,21:47,21:53,21:54,21:56,21:57,21:58,21:59,22:01,22:02,22:06,22:07,22:12
129-NE,xxxxx,xxxxx,xxxxx,xxxxx,xxxxx,xxxxx,xxxxx,xxxxx,xxxxx,xxxxx,xxxxx,xxxxx,xxxxx,xxxxx,xxxxx,xxxxx,21:25,21:28,21:28,--:--,--:--,--:--,--:--,--:--,--:--,21:41,21:41,--:--,--:--,--:--,--:--,--:--,--:--,--:--,--:--,21:56,21:56,--:--,--:--,22:04
130-NC,21:05,21:08,21:08,21:13,21:13,21:16,21:17,21:21,21:21,21:24,21:24,21:27,21:27,21:30,21:30,21:33,21:34,21:36,21:37,21:40,21:41,21:43,21:43,21:51,21:51,21:55,21:58,22:02,22:02,22:08,22:09,22:11,22:12,22:13,22:14,22:16,22:17,22:21,22:22,22:27
131-NE,xxxxx,xxxxx,xxxxx,xxxxx,xxxxx,xxxxx,xxxxx,xxxxx,xxxxx,xxxxx,xxxxx,xxxxx,xxxxx,xxxxx,xxxxx,xxxxx,21:40,21:43,21:43,--:--,--:--,--:--,--:--,--:--,--:--,21:56,21:56,--:--,--:--,--:--,--:--,--:--,--:--,--:--,--:--,22:11,22:11,--:--,--:--,22:19
132-NC,21:20,21:23,21:23,21:28,21:28,21:31,21:32,21:36,21:36,21:39,21:39,21:42,21:42,21:45,21:45,21:48,21:49,21:51,21:52,21:55,21:56,21:58,21:58,22:06,22:06,22:10,22:13,22:17,22:17,22:23,22:24,22:26,22:27,22:28,22:29,22:31,22:32,22:36,22:37,22:42
133-NE,xxxxx,xxxxx,xxxxx,xxxxx,xxxxx,xxxxx,xxxxx,xxxxx,xxxxx,xxxxx,xxxxx,xxxxx,xxxxx,xxxxx,xxxxx,xxxxx,21:55,21:58,21:58,--:--,--:--,--:--,--:--,--:--,--:--,22:11,22:11,--:--,--:--,--:--,--:--,--:--,--:--,--:--,--:--,22:26,22:26,--:--,--:--,22:34
134-NC,21:35,21:38,21:38,21:43,21:43,21:46,21:47,21:51,21:51,21:54,21:54,21:57,21:57,22:00,22:00,22:03,22:04,22:06,22:07,22:10,22:11,22:13,22:13,22:21,22:21,22:25,22:28,22:32,22:32,22:38,22:39,22:41,22:42,22:43,22:44,22:46,22:47,22:51,22:52,22:57
135-NE,xxxxx,xxxxx,xxxxx,xxxxx,xxxxx,xxxxx,xxxxx,xxxxx,xxxxx,xxxxx,xxxxx,xxxxx,xxxxx,xxxxx,xxxxx,xxxxx,22:10,22:13,22:13,--:--,--:--,--:--,--:--,--:--,--:--,22:26,22:26,--:--,--:--,--:--,--:--,--:--,--:--,--:--,--:--,22:41,22:41,--:--,--:--,22:49
136-NC,21:50,21:53,21:53,21:58,21:58,22:01,22:02,22:06,22:06,22:09,22:09,22:12,22:12,22:15,22:15,22:18,22:19,22:21,22:22,22:25,22:26,22:28,22:28,22:36,22:36,22:40,22:43,22:47,22:47,22:53,22:54,22:56,22:57,22:58,22:59,23:01,23:02,23:06,23:07,23:14
137-NE,xxxxx,xxxxx,xxxxx,xxxxx,xxxxx,xxxxx,xxxxx,xxxxx,xxxxx,xxxxx,xxxxx,xxxxx,xxxxx,xxxxx,xxxxx,xxxxx,22:25,22:28,22:28,--:--,--:--,--:--,--:--,--:--,--:--,22:41,22:41,--:--,--:--,--:--,--:--,--:--,--:--,--:--,--:--,22:56,22:56,--:--,--:--,23:04
138-NC,22:05,22:08,22:08,22:13,22:13,22:16,22:17,22:21,22:21,22:24,22:24,22:27,22:27,22:30,22:30,22:33,22:34,22:36,22:37,22:40,22:41,22:43,22:43,22:51,22:51,22:55,22:58,23:02,23:02,23:08,23:09,23:11,23:12,23:13,23:14,23:16,23:17,23:21,23:22,23:29
139-NE,xxxxx,xxxxx,xxxxx,xxxxx,xxxxx,xxxxx,xxxxx,xxxxx,xxxxx,xxxxx,xxxxx,xxxxx,xxxxx,xxxxx,xxxxx,xxxxx,22:40,22:43,22:43,--:--,--:--,--:--,--:--,--:--,--:--,22:56,22:56,--:--,--:--,--:--,--:--,--:--,--:--,--:--,--:--,23:11,23:11,--:--,--:--,23:21
140-NC,22:20,22:23,22:23,22:28,22:28,22:31,22:32,22:36,22:36,22:39,22:39,22:42,22:42,22:45,22:45,22:48,22:49,22:51,22:52,22:55,22:56,22:58,22:58,23:06,23:06,23:10,23:13,23:17,23:17,23:23,23:24,23:26,23:27,23:28,23:29,23:31,23:32,23:36,23:37,23:44
141-NE,xxxxx,xxxxx,xxxxx,xxxxx,xxxxx,xxxxx,xxxxx,xxxxx,xxxxx,xxxxx,xxxxx,xxxxx,xxxxx,xxxxx,xxxxx,xxxxx,22:55,22:58,22:58,--:--,--:--,--:--,--:--,--:--,--:--,23:11,23:11,--:--,--:--,--:--,--:--,--:--,--:--,--:--,--:--,23:26,23:26,--:--,--:--,23:36
142-NC,22:35,22:38,22:38,22:43,22:43,22:46,22:47,22:51,22:51,22:54,22:54,22:56,22:56,22:59,22:59,23:02,23:03,23:05,23:06,23:09,23:10,23:12,23:12,23:20,23:20,23:23,23:23,23:27,23:27,23:33,23:34,23:36,23:37,23:38,23:39,23:41,23:42,23:46,23:52,23:59
143-NC,22:50,22:53,22:53,22:58,22:58,23:01,23:01,23:05,23:05,23:08,23:08,23:11,23:11,23:14,23:14,23:17,23:18,23:20,23:21,23:24,23:25,23:27,23:27,23:35,23:35,23:38,23:38,23:42,23:42,23:48,23:49,23:51,23:52,23:53,23:54,23:56,23:57,00:01,00:07,00:14
144-NC,23:05,23:08,23:08,23:13,23:13,23:16,23:16,23:20,23:20,23:23,23:23,23:26,23:26,23:29,23:29,23:32,23:33,23:35,23:36,23:39,23:40,23:42,23:42,23:50,23:50,23:53,23:53,23:57,23:57,00:03,00:04,00:06,00:07,00:08,00:09,00:11,00:12,00:16,00:22,00:29
